{
  "$schema": "http://adaptivecards.io/schemas/adaptive-card.json",
  "type": "AdaptiveCard",
  "version": "1.5",
  "body": [
    {
      "type": "TextBlock",
      "text": "PR Approval Required",
      "weight": "Bolder",
      "size": "Large"
    },
    {
      "type": "FactSet",
      "facts": [
        {
          "title": "Repo",
          "value": "${repo}"
        },
        {
          "title": "PR #",
          "value": "${prNumber}"
        },
        {
          "title": "Title",
          "value": "${title}"
        },
        {
          "title": "Label",
          "value": "${label}"
        }
      ]
    },
    {
      "type": "TextBlock",
      "text": "Summary",
      "wrap": true
    },
    {
      "type": "TextBlock",
      "text": "${summary}",
      "wrap": true
    }
  ],
  "actions": [
    {
      "type": "Action.Submit",
      "title": "Approve",
      "data": {
        "action": "approve"
      }
    },
    {
      "type": "Action.Submit",
      "title": "Reject",
      "data": {
        "action": "reject"
      }
    }
  ]
}